id,title,description,publishTime,kind_stats,duration_seconds,video_type,viewCount,likeCount,commentCount,thumbnails.default.url,thumbnails.medium.url,thumbnails.high.url,contentDetails.duration,contentDetails.dimension,topicDetails.topicCategories,snippet.defaultLanguage,localizations.en.title,localizations.en.description,snippet.tags,pull_date
3fgPdY6ZxB0,NEXT STOP: MIAMI 🇵🇹,"From Portugal to Miami 🇺🇸, one team, one dream.

Portugal's World Cup journey takes its next step with the team flying to Miami
Let's go, Portugal 

#Portugal #WorldCup #CristianoRonaldo #fifaworldcuponyt",2026-06-16T13:54:41Z,youtube#video,264,long,1328389,101619,5058,https://i.ytimg.com/vi/3fgPdY6ZxB0/default.jpg,https://i.ytimg.com/vi/3fgPdY6ZxB0/mqdefault.jpg,https://i.ytimg.com/vi/3fgPdY6ZxB0/hqdefault.jpg,PT4M24S,2d,"['https://en.wikipedia.org/wiki/Association_football', 'https://en.wikipedia.org/wiki/Sport']",en,NEXT STOP: MIAMI 🇵🇹,"From Portugal to Miami 🇺🇸, one team, one dream.

Portugal's World Cup journey takes its next step with the team flying to Miami
Let's go, Portugal 

#Portugal #WorldCup #CristianoRonaldo #fifaworldcuponyt","['#FIFAWorldCuponYT', '#CristianoRonaldo', '#Portugal']",2026-06-17 13:13:18.890519+00:00
TeAmnI1WuAk,🇵🇹 | United as one,"⚽ The journey started in Portugal.

A tour behind the scenes with Cristiano and his teammates  🇺🇸🇲🇽🇨🇦

No interviews. No scripts. Just the sounds, moments and emotions that define a group.",2026-06-14T13:28:42Z,youtube#video,39,short,778416,76316,4813,https://i.ytimg.com/vi/TeAmnI1WuAk/default.jpg,https://i.ytimg.com/vi/TeAmnI1WuAk/mqdefault.jpg,https://i.ytimg.com/vi/TeAmnI1WuAk/hqdefault.jpg,PT39S,2d,"['https://en.wikipedia.org/wiki/Association_football', 'https://en.wikipedia.org/wiki/Sport']",en,🇵🇹 | United as one,"⚽ The journey started in Portugal.

A tour behind the scenes with Cristiano and his teammates  🇺🇸🇲🇽🇨🇦

No interviews. No scripts. Just the sounds, moments and emotions that define a group.",['#FIFAWorldCupOnYT'],2026-06-17 13:13:18.890553+00:00
EvjZ7ckgYTg,Cristiano Ronaldo x Céline Dept: THE FULL MEETING,"Céline finally met Cristiano Ronaldo at Portugal's training camp. 🇵🇹
Watch the entire sequence and enjoy every moment.

#FIFAWorldCupOnYT",2026-06-13T16:21:33Z,youtube#video,121,long,4049264,213443,9326,https://i.ytimg.com/vi/EvjZ7ckgYTg/default.jpg,https://i.ytimg.com/vi/EvjZ7ckgYTg/mqdefault.jpg,https://i.ytimg.com/vi/EvjZ7ckgYTg/hqdefault.jpg,PT2M1S,2d,"['https://en.wikipedia.org/wiki/Association_football', 'https://en.wikipedia.org/wiki/Sport']",en,Cristiano Ronaldo x Céline Dept: THE FULL MEETING,"Céline finally met Cristiano Ronaldo at Portugal's training camp. 🇵🇹
Watch the entire sequence and enjoy every moment.

#FIFAWorldCupOnYT",N/A,2026-06-17 13:13:18.890562+00:00
qraNaY45PlI,ROAD TO USA 🇵🇹 | United as one,"⚽ The journey starts here.

This first stage takes you behind the scenes with Cristiano and his teammates as preparations begin for the World Cup 🇺🇸🇲🇽🇨🇦

No interviews. No scripts. Just the sounds, moments and emotions that define a group.

One team. One journey. 💪🏻 United as one.
#FIFAWorldCupOnYT",2026-06-12T14:01:03Z,youtube#video,981,long,1722165,124319,6334,https://i.ytimg.com/vi/qraNaY45PlI/default.jpg,https://i.ytimg.com/vi/qraNaY45PlI/mqdefault.jpg,https://i.ytimg.com/vi/qraNaY45PlI/hqdefault.jpg,PT16M21S,2d,"['https://en.wikipedia.org/wiki/Association_football', 'https://en.wikipedia.org/wiki/Sport']",en,ROAD TO USA 🇵🇹 | United as one,"⚽ The journey starts here.

This first stage takes you behind the scenes with Cristiano and his teammates as preparations begin for the World Cup 🇺🇸🇲🇽🇨🇦

No interviews. No scripts. Just the sounds, moments and emotions that define a group.

One team. One journey. 💪🏻 United as one.
#FIFAWorldCupOnYT",N/A,2026-06-17 13:13:18.890571+00:00
rz6fRlvO77U,COMEÇA HOJE!💥 O MUNDIAL É NO YOUTUBE,"⚽️ UM JOGO POR DIA, TODOS OS DIAS, NO YOUTUBE DA LIVEMODETV, SÓ EM PORTUGAL. 

NÃO PERCAS NADA E PREPARA-TE PARA APOIAR PORTUGAL 🇵🇹 É A NOSSA VEZ!

#MadeInLMTV #Ronaldo #Mundial2026 #siuuuuu",2026-06-10T23:01:57Z,youtube#video,30,short,746423,45226,2717,https://i.ytimg.com/vi/rz6fRlvO77U/default.jpg,https://i.ytimg.com/vi/rz6fRlvO77U/mqdefault.jpg,https://i.ytimg.com/vi/rz6fRlvO77U/hqdefault.jpg,PT30S,2d,['https://en.wikipedia.org/wiki/Video_game_culture'],pt-PT,N/A,N/A,N/A,2026-06-17 13:13:18.890578+00:00
quq1KGAsVBA,Here we go 🚀🚀🚀,,2026-06-05T20:01:34Z,youtube#video,80,long,1066266,114171,8343,https://i.ytimg.com/vi/quq1KGAsVBA/default.jpg,https://i.ytimg.com/vi/quq1KGAsVBA/mqdefault.jpg,https://i.ytimg.com/vi/quq1KGAsVBA/hqdefault.jpg,PT1M20S,2d,"['https://en.wikipedia.org/wiki/Association_football', 'https://en.wikipedia.org/wiki/Sport']",es,N/A,N/A,N/A,2026-06-17 13:13:18.890586+00:00
Y8GBVHkrdD8,A special moment. From a special angle. 🏆 💙💛,"These are the moments that make all the hard work worth it. Thank you for all your support, always. 🙏",2026-05-22T14:40:22Z,youtube#video,128,long,941063,79663,6270,https://i.ytimg.com/vi/Y8GBVHkrdD8/default.jpg,https://i.ytimg.com/vi/Y8GBVHkrdD8/mqdefault.jpg,https://i.ytimg.com/vi/Y8GBVHkrdD8/hqdefault.jpg,PT2M8S,2d,"['https://en.wikipedia.org/wiki/Association_football', 'https://en.wikipedia.org/wiki/Sport']",en,A special moment. From a special angle. 🏆 💙💛,"These are the moments that make all the hard work worth it. Thank you for all your support, always. 🙏",N/A,2026-06-17 13:13:18.890593+00:00
Ca0z9n8Uivo,🏆 CHAMPIONS 💙💛 WHAT A NIGHT!,"A night to remember.
Pride, passion and a huge trophy shared with an incredible team and unforgettable fans. 💙💛🏆
These are the moments that make all the hard work worth it. Thank you for all your support, always. 🙏",2026-05-22T14:29:31Z,youtube#video,192,long,1194283,116267,11034,https://i.ytimg.com/vi/Ca0z9n8Uivo/default.jpg,https://i.ytimg.com/vi/Ca0z9n8Uivo/mqdefault.jpg,https://i.ytimg.com/vi/Ca0z9n8Uivo/hqdefault.jpg,PT3M12S,2d,"['https://en.wikipedia.org/wiki/Association_football', 'https://en.wikipedia.org/wiki/Sport']",en,🏆 CHAMPIONS 💙💛 WHAT A NIGHT!,"A night to remember.
Pride, passion and a huge trophy shared with an incredible team and unforgettable fans. 💙💛🏆
These are the moments that make all the hard work worth it. Thank you for all your support, always. 🙏",N/A,2026-06-17 13:13:18.890601+00:00
obajORA0ICM,Cristiano Takes the MMA Show To Lisbon in a WOW night!,"Tomorrow night, Lisbon becomes the center of the fight world.
The cage is ready.The fighters are ready.
LET'S WOW!!! 👊 
IT'S TIME FOR THE CITY TO ANSWER 🇵🇹
18.30h. Campo Pequeno
https://www.ticketline.pt/evento/wow-fc-30-lisboa-104221",2026-05-21T12:08:18Z,youtube#video,625,long,246356,18968,1832,https://i.ytimg.com/vi/obajORA0ICM/default.jpg,https://i.ytimg.com/vi/obajORA0ICM/mqdefault.jpg,https://i.ytimg.com/vi/obajORA0ICM/hqdefault.jpg,PT10M25S,2d,"['https://en.wikipedia.org/wiki/Mixed_martial_arts', 'https://en.wikipedia.org/wiki/Sport', 'https://en.wikipedia.org/wiki/Television_program']",en,Cristiano Takes the MMA Show To Lisbon in a WOW night!,"Tomorrow night, Lisbon becomes the center of the fight world.
The cage is ready.The fighters are ready.
LET'S WOW!!! 👊 
IT'S TIME FOR THE CITY TO ANSWER 🇵🇹
18.30h. Campo Pequeno
https://www.ticketline.pt/evento/wow-fc-30-lisboa-104221",N/A,2026-06-17 13:13:18.890608+00:00
2fFBC3Z2oiU,Lisbon 🇵🇹 is ready for WOW FC | Live May 22nd,"Lisbon, here we go 🇵🇹

Proud to support this sport and witness these incredible athletes live at Campo Pequeno.

This is more than a fight night. It’s an amazing experience. 
Big energy. Big moments. 

@WOWFC  
Let’s go.",2026-04-23T14:14:33Z,youtube#video,50,short,410163,30519,3896,https://i.ytimg.com/vi/2fFBC3Z2oiU/default.jpg,https://i.ytimg.com/vi/2fFBC3Z2oiU/mqdefault.jpg,https://i.ytimg.com/vi/2fFBC3Z2oiU/hqdefault.jpg,PT50S,2d,"['https://en.wikipedia.org/wiki/Mixed_martial_arts', 'https://en.wikipedia.org/wiki/Sport']",en,Lisbon 🇵🇹 is ready for WOW FC | Live May 22nd,"Lisbon, here we go 🇵🇹

Proud to support this sport and witness these incredible athletes live at Campo Pequeno.

This is more than a fight night. It’s an amazing experience. 
Big energy. Big moments. 

@WOWFC  
Let’s go.",N/A,2026-06-17 13:13:18.890615+00:00
p4kkPC-lZAI,The Next Era Of Wellness: PRO2COL,"This is a new chapter for me and @Herbalife. 
The next era of wellness is Pro2col.
 https://hrbl.me/CR7Pro2col",2026-02-19T22:40:56Z,youtube#video,47,short,1354372,67309,7735,https://i.ytimg.com/vi/p4kkPC-lZAI/default.jpg,https://i.ytimg.com/vi/p4kkPC-lZAI/mqdefault.jpg,https://i.ytimg.com/vi/p4kkPC-lZAI/hqdefault.jpg,PT47S,2d,"['https://en.wikipedia.org/wiki/Health', 'https://en.wikipedia.org/wiki/Lifestyle_(sociology)', 'https://en.wikipedia.org/wiki/Physical_fitness']",en,The Next Era Of Wellness: PRO2COL,"This is a new chapter for me and @Herbalife. 
The next era of wellness is Pro2col.
 https://hrbl.me/CR7Pro2col",N/A,2026-06-17 13:13:18.890622+00:00
xm6RYCn5GK4,The Next Era Of Wellness: PRO2COL,"This is a new chapter for me and @Herbalife. 
The next era of wellness is Pro2col.
 https://hrbl.me/CR7Pro2col",2026-02-19T22:34:42Z,youtube#video,16,short,2991984,127496,13399,https://i.ytimg.com/vi/xm6RYCn5GK4/default.jpg,https://i.ytimg.com/vi/xm6RYCn5GK4/mqdefault.jpg,https://i.ytimg.com/vi/xm6RYCn5GK4/hqdefault.jpg,PT16S,2d,['https://en.wikipedia.org/wiki/Health'],en,The Next Era Of Wellness: PRO2COL,"This is a new chapter for me and @Herbalife. 
The next era of wellness is Pro2col.
 https://hrbl.me/CR7Pro2col",N/A,2026-06-17 13:13:18.890629+00:00
mNg9dIb4uVs,41... What A Special Day,,2026-02-05T21:30:04Z,youtube#video,35,short,3547259,193556,20538,https://i.ytimg.com/vi/mNg9dIb4uVs/default.jpg,https://i.ytimg.com/vi/mNg9dIb4uVs/mqdefault.jpg,https://i.ytimg.com/vi/mNg9dIb4uVs/hqdefault.jpg,PT35S,2d,['https://en.wikipedia.org/wiki/Sport'],en,41... What A Special Day,,N/A,2026-06-17 13:13:18.890636+00:00
Fd3TxpqnAg8,Game-changers stop time. They are timeless.,Congratulations Novak Djokovic for having in your hands the much deserved first ever Globe Sports Award.,2025-12-29T16:48:27Z,youtube#video,998,long,1405948,79676,11072,https://i.ytimg.com/vi/Fd3TxpqnAg8/default.jpg,https://i.ytimg.com/vi/Fd3TxpqnAg8/mqdefault.jpg,https://i.ytimg.com/vi/Fd3TxpqnAg8/hqdefault.jpg,PT16M38S,2d,"['https://en.wikipedia.org/wiki/Sport', 'https://en.wikipedia.org/wiki/Tennis']",en,Game-changers stop time. They are timeless.,Congratulations Novak Djokovic for having in your hands the much deserved first ever Globe Sports Award.,N/A,2026-06-17 13:13:18.890644+00:00
EibGZJhlHds,WOW FC 25 | AMAZING Ibragimov vs Hooi Fight Night,"WOW MMA Madrid 25
An UFC Pass Event.
A new way to experience action sports - immersive, bold, built for the next generation.
Enjoy and siuuubscribe",2025-12-13T23:51:00Z,youtube#video,20111,long,1666979,68207,4800,https://i.ytimg.com/vi/EibGZJhlHds/default.jpg,https://i.ytimg.com/vi/EibGZJhlHds/mqdefault.jpg,https://i.ytimg.com/vi/EibGZJhlHds/hqdefault.jpg,PT5H35M11S,2d,"['https://en.wikipedia.org/wiki/Boxing', 'https://en.wikipedia.org/wiki/Mixed_martial_arts', 'https://en.wikipedia.org/wiki/Sport']",en,WOW FC 25 | AMAZING Ibragimov vs Hooi Fight Night,"WOW MMA Madrid 25
An UFC Pass Event.
A new way to experience action sports - immersive, bold, built for the next generation.
Enjoy and siuuubscribe",N/A,2026-06-17 13:13:18.890663+00:00
DvKLv3-i3C0,SIUUUUUUUU! WOWFC,,2025-12-13T23:14:16Z,youtube#video,15,short,3248758,120382,7836,https://i.ytimg.com/vi/DvKLv3-i3C0/default.jpg,https://i.ytimg.com/vi/DvKLv3-i3C0/mqdefault.jpg,https://i.ytimg.com/vi/DvKLv3-i3C0/hqdefault.jpg,PT15S,2d,"['https://en.wikipedia.org/wiki/Mixed_martial_arts', 'https://en.wikipedia.org/wiki/Sport']",es,N/A,N/A,N/A,2026-06-17 13:13:18.890671+00:00
uOm2D9xPFhE,"WOW Fighting Now On Youtube | Sat, Dec. 13th LIVE","A new way to experience action sports - immersive, bold, built for the next generation.

Innovation never stops.

Subscribe now

**Available worldwide, except Spain.",2025-12-12T13:40:35Z,youtube#video,37,short,1901305,60204,2263,https://i.ytimg.com/vi/uOm2D9xPFhE/default.jpg,https://i.ytimg.com/vi/uOm2D9xPFhE/mqdefault.jpg,https://i.ytimg.com/vi/uOm2D9xPFhE/hqdefault.jpg,PT37S,2d,['https://en.wikipedia.org/wiki/Sport'],en,"WOW Fighting Now On Youtube | Sat, Dec. 13th LIVE","A new way to experience action sports - immersive, bold, built for the next generation.

Innovation never stops.

Subscribe now

**Available worldwide, except Spain.",N/A,2026-06-17 13:13:18.890679+00:00
jm7hAaOmRoY,"WOW Fighting Now On Youtube | Sat, Dec. 13th LIVE","A new way to experience action sports - immersive, bold, built for the next generation.

Innovation never stops.

Subscribe now

**Available worldwide, except Spain.",2025-12-12T13:39:16Z,youtube#video,34,short,694827,36362,3875,https://i.ytimg.com/vi/jm7hAaOmRoY/default.jpg,https://i.ytimg.com/vi/jm7hAaOmRoY/mqdefault.jpg,https://i.ytimg.com/vi/jm7hAaOmRoY/hqdefault.jpg,PT34S,2d,['https://en.wikipedia.org/wiki/Sport'],en,"WOW Fighting Now On Youtube | Sat, Dec. 13th LIVE","A new way to experience action sports - immersive, bold, built for the next generation.

Innovation never stops.

Subscribe now

**Available worldwide, except Spain.",N/A,2026-06-17 13:13:18.890685+00:00
MCNQ1U_uU-I,Perplexity x CR7,"Curiosity is how greatness begins. 

Proud to partner with @perplexity-ai  to inspire more people to explore their curiosity.  

perplexity.ai/ronaldo is just the beginning.",2025-12-04T17:50:17Z,youtube#video,91,long,696716,49838,4957,https://i.ytimg.com/vi/MCNQ1U_uU-I/default.jpg,https://i.ytimg.com/vi/MCNQ1U_uU-I/mqdefault.jpg,https://i.ytimg.com/vi/MCNQ1U_uU-I/hqdefault.jpg,PT1M31S,2d,['https://en.wikipedia.org/wiki/Lifestyle_(sociology)'],en,Perplexity x CR7,"Curiosity is how greatness begins. 

Proud to partner with @perplexity-ai  to inspire more people to explore their curiosity.  

perplexity.ai/ronaldo is just the beginning.",N/A,2026-06-17 13:13:18.890693+00:00
14jCP-Ppgk4,Cristiano + WOW: A new era of fighting is coming 🦾,,2025-11-30T12:00:04Z,youtube#video,86,long,1531084,71523,5512,https://i.ytimg.com/vi/14jCP-Ppgk4/default.jpg,https://i.ytimg.com/vi/14jCP-Ppgk4/mqdefault.jpg,https://i.ytimg.com/vi/14jCP-Ppgk4/hqdefault.jpg,PT1M26S,2d,['https://en.wikipedia.org/wiki/Sport'],es,N/A,N/A,N/A,2026-06-17 13:13:18.890700+00:00
9u0FXXsgJ_o,A new era of fighting is coming 🦾,,2025-11-30T12:00:29Z,youtube#video,86,long,1891354,77489,3917,https://i.ytimg.com/vi/9u0FXXsgJ_o/default.jpg,https://i.ytimg.com/vi/9u0FXXsgJ_o/mqdefault.jpg,https://i.ytimg.com/vi/9u0FXXsgJ_o/hqdefault.jpg,PT1M26S,2d,"['https://en.wikipedia.org/wiki/Mixed_martial_arts', 'https://en.wikipedia.org/wiki/Sport']",es,N/A,N/A,N/A,2026-06-17 13:13:18.890707+00:00
8vMBNmwSV1I,Best caption wins! 🤔,,2025-11-24T09:21:27Z,youtube#video,58,short,3705816,192922,18421,https://i.ytimg.com/vi/8vMBNmwSV1I/default.jpg,https://i.ytimg.com/vi/8vMBNmwSV1I/mqdefault.jpg,https://i.ytimg.com/vi/8vMBNmwSV1I/hqdefault.jpg,PT58S,2d,"['https://en.wikipedia.org/wiki/Association_football', 'https://en.wikipedia.org/wiki/Sport']",es,N/A,N/A,N/A,2026-06-17 13:13:18.890714+00:00
KewakhYqrts,My FULL Interview With Piers Morgan,,2025-11-07T18:36:59Z,youtube#video,4703,long,2249598,105553,10826,https://i.ytimg.com/vi/KewakhYqrts/default.jpg,https://i.ytimg.com/vi/KewakhYqrts/mqdefault.jpg,https://i.ytimg.com/vi/KewakhYqrts/hqdefault.jpg,PT1H18M23S,2d,"['https://en.wikipedia.org/wiki/Association_football', 'https://en.wikipedia.org/wiki/Society']",es,N/A,N/A,N/A,2026-06-17 13:13:18.890722+00:00
vNCB18QnrVA,E-Sports it's the future!,,2025-11-06T12:01:48Z,youtube#video,50,short,1986228,79711,4196,https://i.ytimg.com/vi/vNCB18QnrVA/default.jpg,https://i.ytimg.com/vi/vNCB18QnrVA/mqdefault.jpg,https://i.ytimg.com/vi/vNCB18QnrVA/hqdefault.jpg,PT50S,2d,['https://en.wikipedia.org/wiki/Lifestyle_(sociology)'],es,N/A,N/A,N/A,2026-06-17 13:13:18.890729+00:00
w702Y4k841c,One Of The Happiest Moments Of My Life,,2025-11-05T12:30:57Z,youtube#video,43,short,1790408,71869,2522,https://i.ytimg.com/vi/w702Y4k841c/default.jpg,https://i.ytimg.com/vi/w702Y4k841c/mqdefault.jpg,https://i.ytimg.com/vi/w702Y4k841c/hqdefault.jpg,PT43S,2d,['https://en.wikipedia.org/wiki/Lifestyle_(sociology)'],es,N/A,N/A,N/A,2026-06-17 13:13:18.890735+00:00
H3m1HmfXY3A,Everything Revealed - ⁠My Most Personal Interview 1/2,"A deep conversation with my friend @PiersMorganUncensored talking about life, business, family & football",2025-11-04T14:00:06Z,youtube#video,2353,long,4641329,259909,15502,https://i.ytimg.com/vi/H3m1HmfXY3A/default.jpg,https://i.ytimg.com/vi/H3m1HmfXY3A/mqdefault.jpg,https://i.ytimg.com/vi/H3m1HmfXY3A/hqdefault.jpg,PT39M13S,2d,['https://en.wikipedia.org/wiki/Sport'],en,Everything Revealed - ⁠My Most Personal Interview 1/2,"A deep conversation with my friend @PiersMorganUncensored talking about life, business, family & football",N/A,2026-06-17 13:13:18.890743+00:00
3xxW-tUQdGI,We Did It Again...,"No filters. No scripts. Just us. 
Coming soon with my friend @PiersMorganUncensored",2025-11-03T14:00:09Z,youtube#video,48,short,980282,98897,5037,https://i.ytimg.com/vi/3xxW-tUQdGI/default.jpg,https://i.ytimg.com/vi/3xxW-tUQdGI/mqdefault.jpg,https://i.ytimg.com/vi/3xxW-tUQdGI/hqdefault.jpg,PT48S,2d,['https://en.wikipedia.org/wiki/Entertainment'],en,We Did It Again...,"No filters. No scripts. Just us. 
Coming soon with my friend @PiersMorganUncensored",N/A,2026-06-17 13:13:18.890750+00:00
FvlNhQZO39c,We did it again...,"No filters. No scripts. Just us. 
Coming soon with my friend @PiersMorganUncensored",2025-11-03T14:00:23Z,youtube#video,48,short,1842792,97032,3055,https://i.ytimg.com/vi/FvlNhQZO39c/default.jpg,https://i.ytimg.com/vi/FvlNhQZO39c/mqdefault.jpg,https://i.ytimg.com/vi/FvlNhQZO39c/hqdefault.jpg,PT48S,2d,['https://en.wikipedia.org/wiki/Entertainment'],en,We did it again...,"No filters. No scripts. Just us. 
Coming soon with my friend @PiersMorganUncensored",N/A,2026-06-17 13:13:18.890757+00:00
bJr7zezj9iA,I see you @IShowSpeed 👀,,2025-10-18T21:39:48Z,youtube#video,41,short,6333370,333288,12228,https://i.ytimg.com/vi/bJr7zezj9iA/default.jpg,https://i.ytimg.com/vi/bJr7zezj9iA/mqdefault.jpg,https://i.ytimg.com/vi/bJr7zezj9iA/hqdefault.jpg,PT41S,2d,['https://en.wikipedia.org/wiki/Sport'],pt-PT,N/A,N/A,N/A,2026-06-17 13:13:18.890763+00:00
ARzb2K2FFwk,Live: FIP Silver Lisboa Racket Centre 2025 finals,"Welcome to the livestream of the FIP Silver, hosted at my Padel club, Lisboa Racket Centre! 🎾✨

Join me for an exciting day of world-class padel, featuring top players competing in thrilling matches on our courts. 

Whether you’re watching live from Lisbon or tuning in from anywhere around the world, this is your chance to experience the action, energy, and passion of international padel.",2025-09-21T19:41:41Z,youtube#video,12383,long,612737,27890,713,https://i.ytimg.com/vi/ARzb2K2FFwk/default.jpg,https://i.ytimg.com/vi/ARzb2K2FFwk/mqdefault.jpg,https://i.ytimg.com/vi/ARzb2K2FFwk/hqdefault.jpg,PT3H26M23S,2d,"['https://en.wikipedia.org/wiki/Sport', 'https://en.wikipedia.org/wiki/Tennis']",en,Live: FIP Silver Lisboa Racket Centre 2025 finals,"Welcome to the livestream of the FIP Silver, hosted at my Padel club, Lisboa Racket Centre! 🎾✨

Join me for an exciting day of world-class padel, featuring top players competing in thrilling matches on our courts. 

Whether you’re watching live from Lisbon or tuning in from anywhere around the world, this is your chance to experience the action, energy, and passion of international padel.",N/A,2026-06-17 13:13:18.890771+00:00
2V3s_d3MCE4,Live: FIP Silver Lisboa Racket Centre 2025 Semifinals,"Welcome to the livestream of the FIP Silver, hosted at my Padel club, Lisboa Racket Centre! 🎾✨

Join me for an exciting day of world-class padel, featuring top players competing in thrilling matches on our courts. 

Whether you’re watching live from Lisbon or tuning in from anywhere around the world, this is your chance to experience the action, energy, and passion of international padel.",2025-09-21T16:24:41Z,youtube#video,27411,long,315711,22693,143,https://i.ytimg.com/vi/2V3s_d3MCE4/default.jpg,https://i.ytimg.com/vi/2V3s_d3MCE4/mqdefault.jpg,https://i.ytimg.com/vi/2V3s_d3MCE4/hqdefault.jpg,PT7H36M51S,2d,"['https://en.wikipedia.org/wiki/Sport', 'https://en.wikipedia.org/wiki/Tennis']",en,Live: FIP Silver Lisboa Racket Centre 2025 Semifinals,"Welcome to the livestream of the FIP Silver, hosted at my Padel club, Lisboa Racket Centre! 🎾✨

Join me for an exciting day of world-class padel, featuring top players competing in thrilling matches on our courts. 

Whether you’re watching live from Lisbon or tuning in from anywhere around the world, this is your chance to experience the action, energy, and passion of international padel.",N/A,2026-06-17 13:13:18.890778+00:00
ZRnRD5LE_kg,Live: FIP Silver Lisboa Padel 2025 Finals,|,2025-09-20T10:32:32Z,youtube#video,5548,long,269775,26973,527,https://i.ytimg.com/vi/ZRnRD5LE_kg/default.jpg,https://i.ytimg.com/vi/ZRnRD5LE_kg/mqdefault.jpg,https://i.ytimg.com/vi/ZRnRD5LE_kg/hqdefault.jpg,PT1H32M28S,2d,"['https://en.wikipedia.org/wiki/Sport', 'https://en.wikipedia.org/wiki/Tennis']",gl,N/A,N/A,N/A,2026-06-17 13:13:18.890786+00:00
JfMbboNYWX8,"I came here to do what I love, but I #StayedForMore","The people, the energy, and the world-class events that surprise me everyday. Check out the Saudi Unreal Calendar here
@visitsaudi 
 
https://www.visitsaudi.com/Calendar",2025-09-01T18:06:20Z,youtube#video,63,long,1956194,156323,12908,https://i.ytimg.com/vi/JfMbboNYWX8/default.jpg,https://i.ytimg.com/vi/JfMbboNYWX8/mqdefault.jpg,https://i.ytimg.com/vi/JfMbboNYWX8/hqdefault.jpg,PT1M3S,2d,N/A,en,"I came here to do what I love, but I #StayedForMore","The people, the energy, and the world-class events that surprise me everyday. Check out the Saudi Unreal Calendar here
@visitsaudi 
 
https://www.visitsaudi.com/Calendar",N/A,2026-06-17 13:13:18.890792+00:00
c-wLj9OiMpw,One year of UR Cristiano 🎉,"Thank you all for being part of this journey! Let's celebrate together with a special concert of my friend Luan, soon!",2025-08-21T17:00:57Z,youtube#video,21,short,3383660,149513,9075,https://i.ytimg.com/vi/c-wLj9OiMpw/default.jpg,https://i.ytimg.com/vi/c-wLj9OiMpw/mqdefault.jpg,https://i.ytimg.com/vi/c-wLj9OiMpw/hqdefault.jpg,PT21S,2d,['https://en.wikipedia.org/wiki/Music'],en,One year of UR Cristiano 🎉,"Thank you all for being part of this journey! Let's celebrate together with a special concert of my friend Luan, soon!",N/A,2026-06-17 13:13:18.890799+00:00
CZ1-c1SmiQw,Join me in the AMAZING CR7 Life Museum!,,2025-07-09T17:52:12Z,youtube#video,32,short,3398677,156169,8846,https://i.ytimg.com/vi/CZ1-c1SmiQw/default.jpg,https://i.ytimg.com/vi/CZ1-c1SmiQw/mqdefault.jpg,https://i.ytimg.com/vi/CZ1-c1SmiQw/hqdefault.jpg,PT32S,2d,['https://en.wikipedia.org/wiki/Sport'],es,N/A,N/A,N/A,2026-06-17 13:13:18.890805+00:00
yxQPyHMkl2E,Now it's your time to Rise Above!,"In every era, a rare few rise above the rest. Now it’s your time.
Esports World Cup starts July 7 — with over 2,000 athletes ready to make history.

@EsportsWorldCup #EsportsWorldCup #EWC25",2025-07-01T17:46:53Z,youtube#video,30,short,3058052,161175,7443,https://i.ytimg.com/vi/yxQPyHMkl2E/default.jpg,https://i.ytimg.com/vi/yxQPyHMkl2E/mqdefault.jpg,https://i.ytimg.com/vi/yxQPyHMkl2E/hqdefault.jpg,PT30S,2d,['https://en.wikipedia.org/wiki/Video_game_culture'],en,Now it's your time to Rise Above!,"In every era, a rare few rise above the rest. Now it’s your time.
Esports World Cup starts July 7 — with over 2,000 athletes ready to make history.

@EsportsWorldCup #EsportsWorldCup #EWC25",N/A,2026-06-17 13:13:18.890810+00:00
x_IRSJ9EOxA,"“I believe in Al Nassr, I believe in this project.”",“This season will be our best season ever”. Cristiano explains to Al Nassr TV why he has decided to keep playing for the Club.,2025-06-28T19:04:50Z,youtube#video,638,long,2781075,167490,20446,https://i.ytimg.com/vi/x_IRSJ9EOxA/default.jpg,https://i.ytimg.com/vi/x_IRSJ9EOxA/mqdefault.jpg,https://i.ytimg.com/vi/x_IRSJ9EOxA/hqdefault.jpg,PT10M38S,2d,"['https://en.wikipedia.org/wiki/Association_football', 'https://en.wikipedia.org/wiki/Sport']",en,"“I believe in Al Nassr, I believe in this project.”",“This season will be our best season ever”. Cristiano explains to Al Nassr TV why he has decided to keep playing for the Club.,N/A,2026-06-17 13:13:18.890817+00:00
Drj1-WLCm1o,The Story Continues…,,2025-06-26T13:18:11Z,youtube#video,40,short,2425116,186489,18386,https://i.ytimg.com/vi/Drj1-WLCm1o/default.jpg,https://i.ytimg.com/vi/Drj1-WLCm1o/mqdefault.jpg,https://i.ytimg.com/vi/Drj1-WLCm1o/hqdefault.jpg,PT40S,2d,N/A,es,N/A,N/A,N/A,2026-06-17 13:13:18.890823+00:00
183L0H7bRZU,UN TRIUNFO DE PORTUGAL PARA TODOS LOS PORTUGUESES,"En el Día de Portugal, recordamos una victoria que nos hizo vibrar a todos: el último gran triunfo de la selección en la UEFA Nations League. Porque cuando gana Portugal, ganamos todos.",2025-06-10T17:16:56Z,youtube#video,53,short,2260930,229516,16388,https://i.ytimg.com/vi/183L0H7bRZU/default.jpg,https://i.ytimg.com/vi/183L0H7bRZU/mqdefault.jpg,https://i.ytimg.com/vi/183L0H7bRZU/hqdefault.jpg,PT53S,2d,"['https://en.wikipedia.org/wiki/Association_football', 'https://en.wikipedia.org/wiki/Sport']",es,A Triumph for All Portuguese People,"On Portugal Day, we remember a victory that thrilled an entire nation: the latest major triumph of our national team in the UEFA Nations League. Because when Portugal wins, we all win.",N/A,2026-06-17 13:13:18.890829+00:00
2auLO7ea9tQ,...And Action! 🎬,"I'm excited to announce UR•MARV, my new film studio with Matthew Vaughn, and can't wait to tell you about our first movie. Coming soon! 👀",2025-04-11T07:00:03Z,youtube#video,93,long,2329319,152533,22037,https://i.ytimg.com/vi/2auLO7ea9tQ/default.jpg,https://i.ytimg.com/vi/2auLO7ea9tQ/mqdefault.jpg,https://i.ytimg.com/vi/2auLO7ea9tQ/hqdefault.jpg,PT1M33S,2d,"['https://en.wikipedia.org/wiki/Entertainment', 'https://en.wikipedia.org/wiki/Film']",en,...And Action! 🎬,"I'm excited to announce UR•MARV, my new film studio with Matthew Vaughn, and can't wait to tell you about our first movie. Coming soon! 👀",N/A,2026-06-17 13:13:18.890835+00:00
mLNz-_X1aGA,24 hours with Gio in Paris | By Gio,,2025-04-07T11:13:34Z,youtube#video,41,short,4725919,187713,13424,https://i.ytimg.com/vi/mLNz-_X1aGA/default.jpg,https://i.ytimg.com/vi/mLNz-_X1aGA/mqdefault.jpg,https://i.ytimg.com/vi/mLNz-_X1aGA/hqdefault.jpg,PT41S,2d,['https://en.wikipedia.org/wiki/Lifestyle_(sociology)'],es,N/A,N/A,N/A,2026-06-17 13:13:18.890841+00:00
pdjt7bCn558,Join me in a Fashion Show in the Alpes,,2025-04-01T09:23:31Z,youtube#video,17,short,4193422,154237,4918,https://i.ytimg.com/vi/pdjt7bCn558/default.jpg,https://i.ytimg.com/vi/pdjt7bCn558/mqdefault.jpg,https://i.ytimg.com/vi/pdjt7bCn558/hqdefault.jpg,PT17S,2d,"['https://en.wikipedia.org/wiki/Fashion', 'https://en.wikipedia.org/wiki/Lifestyle_(sociology)']",es,N/A,N/A,N/A,2026-06-17 13:13:18.890846+00:00
6C-iqXvAE2M,The MOST EXCLUSIVE Fashion Show In The Alpes | By Gio,,2025-03-31T14:03:23Z,youtube#video,399,long,1975277,87285,6047,https://i.ytimg.com/vi/6C-iqXvAE2M/default.jpg,https://i.ytimg.com/vi/6C-iqXvAE2M/mqdefault.jpg,https://i.ytimg.com/vi/6C-iqXvAE2M/hqdefault.jpg,PT6M39S,2d,"['https://en.wikipedia.org/wiki/Fashion', 'https://en.wikipedia.org/wiki/Lifestyle_(sociology)']",es,N/A,N/A,N/A,2026-06-17 13:13:18.890852+00:00
aiYzX7FGkqQ,My AMAZING Experience at Fashion Week Paris (Part: 2) | By Gio,,2025-03-24T14:00:02Z,youtube#video,330,long,1124292,65413,3746,https://i.ytimg.com/vi/aiYzX7FGkqQ/default.jpg,https://i.ytimg.com/vi/aiYzX7FGkqQ/mqdefault.jpg,https://i.ytimg.com/vi/aiYzX7FGkqQ/hqdefault.jpg,PT5M30S,2d,"['https://en.wikipedia.org/wiki/Fashion', 'https://en.wikipedia.org/wiki/Lifestyle_(sociology)']",es,N/A,N/A,N/A,2026-06-17 13:13:18.890858+00:00
Z8GBQt9yhOg,My AMAZING Experience at Fashion Week Paris (Part: 1) | By Gio,,2025-03-20T11:05:34Z,youtube#video,14,short,3495312,134885,4010,https://i.ytimg.com/vi/Z8GBQt9yhOg/default.jpg,https://i.ytimg.com/vi/Z8GBQt9yhOg/mqdefault.jpg,https://i.ytimg.com/vi/Z8GBQt9yhOg/hqdefault.jpg,PT14S,2d,"['https://en.wikipedia.org/wiki/Fashion', 'https://en.wikipedia.org/wiki/Lifestyle_(sociology)']",es,N/A,N/A,N/A,2026-06-17 13:13:18.890864+00:00
7RXnUHQwli8,My AMAZING Experience at Fashion Week Paris (Part: 1) | By Gio,,2025-03-19T14:58:00Z,youtube#video,408,long,3000373,130079,9073,https://i.ytimg.com/vi/7RXnUHQwli8/default.jpg,https://i.ytimg.com/vi/7RXnUHQwli8/mqdefault.jpg,https://i.ytimg.com/vi/7RXnUHQwli8/hqdefault.jpg,PT6M48S,2d,"['https://en.wikipedia.org/wiki/Fashion', 'https://en.wikipedia.org/wiki/Lifestyle_(sociology)']",es,N/A,N/A,N/A,2026-06-17 13:13:18.890870+00:00
AbklN9B55Jg,LIVE: Riyadh Premier Padel Finals,"Join Cristiano Ronaldo in this amazing event, following his new passion",2025-02-17T16:30:56Z,youtube#video,9331,long,1343723,71782,3159,https://i.ytimg.com/vi/AbklN9B55Jg/default.jpg,https://i.ytimg.com/vi/AbklN9B55Jg/mqdefault.jpg,https://i.ytimg.com/vi/AbklN9B55Jg/hqdefault.jpg,PT2H35M31S,2d,['https://en.wikipedia.org/wiki/Sport'],en,LIVE: Riyadh Premier Padel Finals,"Join Cristiano Ronaldo in this amazing event, following his new passion",N/A,2026-06-17 13:13:18.890876+00:00
cN6RgkthoXM,"Los Secretos del Real Madrid, Messi, Barcelona y Mbappé - Cristiano Ronaldo",,2025-02-17T13:18:04Z,youtube#video,4212,long,4310759,197497,14160,https://i.ytimg.com/vi/cN6RgkthoXM/default.jpg,https://i.ytimg.com/vi/cN6RgkthoXM/mqdefault.jpg,https://i.ytimg.com/vi/cN6RgkthoXM/hqdefault.jpg,PT1H10M12S,2d,"['https://en.wikipedia.org/wiki/Association_football', 'https://en.wikipedia.org/wiki/Sport']",es,"The Secrets Of Real Madrid, Messi, Barcelona and Mbappé - Cristiano & Edu",,N/A,2026-06-17 13:13:18.890882+00:00
aPNg1E1tJaY,TOMORROW: Full ITW of Cristiano with Edu. Exclusive segments not seen before,,2025-02-16T18:51:03Z,youtube#video,57,short,834970,75351,5957,https://i.ytimg.com/vi/aPNg1E1tJaY/default.jpg,https://i.ytimg.com/vi/aPNg1E1tJaY/mqdefault.jpg,https://i.ytimg.com/vi/aPNg1E1tJaY/hqdefault.jpg,PT57S,2d,"['https://en.wikipedia.org/wiki/Association_football', 'https://en.wikipedia.org/wiki/Sport']",es,N/A,N/A,N/A,2026-06-17 13:13:18.890888+00:00
1h-zdPlWu4Y,TOMORROW: Full ITW of Cristiano with Edu. Exclusive segments not seen before,,2025-02-16T18:47:02Z,youtube#video,57,short,3793511,200189,14091,https://i.ytimg.com/vi/1h-zdPlWu4Y/default.jpg,https://i.ytimg.com/vi/1h-zdPlWu4Y/mqdefault.jpg,https://i.ytimg.com/vi/1h-zdPlWu4Y/hqdefault.jpg,PT57S,2d,['https://en.wikipedia.org/wiki/Lifestyle_(sociology)'],es,N/A,N/A,N/A,2026-06-17 13:13:18.890893+00:00
EsMqByk0xYE,The biggest siuuu ever: “Happy birthday Cristiano”.,"Fans from Madrid, New York and Mexico gather together to celebrate Cristiano’s birthday.",2025-02-06T06:24:40Z,youtube#video,380,long,1524159,174223,19936,https://i.ytimg.com/vi/EsMqByk0xYE/default.jpg,https://i.ytimg.com/vi/EsMqByk0xYE/mqdefault.jpg,https://i.ytimg.com/vi/EsMqByk0xYE/hqdefault.jpg,PT6M20S,2d,['https://en.wikipedia.org/wiki/Sport'],en,The biggest siuuu ever: “Happy birthday Cristiano”.,"Fans from Madrid, New York and Mexico gather together to celebrate Cristiano’s birthday.",N/A,2026-06-17 13:13:19.082300+00:00
b5mqa18JOS4,"Cristiano: ""Mbappé es un crack!""","Entrevista exclusiva con Cristiano Ronaldo, ""Los Amigos de Edu"", en La Sexta, el próximo 3 de febrero a las 22:30 (hora de Madrid). Muy pronto podrás ver la versión íntegra en UR.",2025-01-30T11:35:01Z,youtube#video,68,long,2700087,202424,26408,https://i.ytimg.com/vi/b5mqa18JOS4/default.jpg,https://i.ytimg.com/vi/b5mqa18JOS4/mqdefault.jpg,https://i.ytimg.com/vi/b5mqa18JOS4/hqdefault.jpg,PT1M8S,2d,"['https://en.wikipedia.org/wiki/Association_football', 'https://en.wikipedia.org/wiki/Sport']",es,"Cristiano: ""Mbappé is a beast!""","Watch the exclusive interview with Cristiano Ronaldo in ""Los Amigos de Edu"", on La Sexta Spanish TV, on February 3 at 10:30 p.m. (Madrid time). And it will also be broadcast in full on UR very soon.",N/A,2026-06-17 13:13:19.082315+00:00
os5d_GFyEHM,From Teen Sensation to Global Icon: Ronaldo's Incredible Man United Journey!,,2025-01-20T14:01:01Z,youtube#video,180,long,1880956,172990,11921,https://i.ytimg.com/vi/os5d_GFyEHM/default.jpg,https://i.ytimg.com/vi/os5d_GFyEHM/mqdefault.jpg,https://i.ytimg.com/vi/os5d_GFyEHM/hqdefault.jpg,PT3M,2d,"['https://en.wikipedia.org/wiki/Association_football', 'https://en.wikipedia.org/wiki/Sport']",en,From Teen Sensation to Global Icon: Ronaldo's Incredible Man United Journey!,,N/A,2026-06-17 13:13:19.082321+00:00
aABKxaKtLkM,Everything you didn't see of my collab with MrBeast (BTS),,2025-01-09T14:00:00Z,youtube#video,240,long,4192042,253662,14316,https://i.ytimg.com/vi/aABKxaKtLkM/default.jpg,https://i.ytimg.com/vi/aABKxaKtLkM/mqdefault.jpg,https://i.ytimg.com/vi/aABKxaKtLkM/hqdefault.jpg,PT4M,2d,N/A,en,Everything you didn't see of my collab with MrBeast (BTS),,N/A,2026-06-17 13:13:19.082329+00:00
yBhSMQWFOFw,"Cristiano shoots, MrBeast tries to stop it... and painfully fails! 🖐️⚽",,2025-01-03T13:57:57Z,youtube#video,24,short,8106363,402278,18546,https://i.ytimg.com/vi/yBhSMQWFOFw/default.jpg,https://i.ytimg.com/vi/yBhSMQWFOFw/mqdefault.jpg,https://i.ytimg.com/vi/yBhSMQWFOFw/hqdefault.jpg,PT24S,2d,"['https://en.wikipedia.org/wiki/Association_football', 'https://en.wikipedia.org/wiki/Sport']",en,"Cristiano shoots, MrBeast tries to stop it... and painfully fails! 🖐️⚽",,N/A,2026-06-17 13:13:19.082337+00:00
z-ZHtSfWiMw,Cristiano Ronaldo and his kids dance with Santa Claus!,Watch the full Santa Claus trip on the channel!,2024-12-30T14:04:31Z,youtube#video,26,short,4355043,299250,8763,https://i.ytimg.com/vi/z-ZHtSfWiMw/default.jpg,https://i.ytimg.com/vi/z-ZHtSfWiMw/mqdefault.jpg,https://i.ytimg.com/vi/z-ZHtSfWiMw/hqdefault.jpg,PT26S,2d,"['https://en.wikipedia.org/wiki/Hobby', 'https://en.wikipedia.org/wiki/Lifestyle_(sociology)']",es,N/A,N/A,N/A,2026-06-17 13:13:19.082343+00:00
SG2f3r2Fz6Y,It’s just a little cold 🥶😂,Watch my complete family trip video on the Channel now!,2024-12-25T11:13:58Z,youtube#video,124,long,6314621,520393,30319,https://i.ytimg.com/vi/SG2f3r2Fz6Y/default.jpg,https://i.ytimg.com/vi/SG2f3r2Fz6Y/mqdefault.jpg,https://i.ytimg.com/vi/SG2f3r2Fz6Y/hqdefault.jpg,PT2M4S,2d,['https://en.wikipedia.org/wiki/Lifestyle_(sociology)'],en,It’s just a little cold 🥶😂,Watch my complete family trip video on the Channel now!,N/A,2026-06-17 13:13:19.082350+00:00
9bPo1-YAfhw,Our Christmas message to the world (from Santa’s village),Join us on a magical family adventure to meet the real Santa Claus in Lapland. A special Christmas message for you all.,2024-12-24T18:39:36Z,youtube#video,579,long,5774324,381585,25525,https://i.ytimg.com/vi/9bPo1-YAfhw/default.jpg,https://i.ytimg.com/vi/9bPo1-YAfhw/mqdefault.jpg,https://i.ytimg.com/vi/9bPo1-YAfhw/hqdefault.jpg,PT9M39S,2d,"['https://en.wikipedia.org/wiki/Hobby', 'https://en.wikipedia.org/wiki/Lifestyle_(sociology)']",en,Our Christmas message to the world (from Santa’s village),Join us on a magical family adventure to meet the real Santa Claus in Lapland. A special Christmas message for you all.,N/A,2026-06-17 13:13:19.082357+00:00
nOG-CaENIEY,How Many goalkeepers Does It Take to Stop Ronaldo?,"One, then two, three, four… MrBeast and his crew try to block a penalty from Cristiano Ronaldo. Each goal scored adds an extra goalkeeper…",2024-12-23T14:00:06Z,youtube#video,436,long,27468982,1028799,38493,https://i.ytimg.com/vi/nOG-CaENIEY/default.jpg,https://i.ytimg.com/vi/nOG-CaENIEY/mqdefault.jpg,https://i.ytimg.com/vi/nOG-CaENIEY/hqdefault.jpg,PT7M16S,2d,"['https://en.wikipedia.org/wiki/Association_football', 'https://en.wikipedia.org/wiki/Sport']",en,How Many goalkeepers Does It Take to Stop Ronaldo?,"One, then two, three, four… MrBeast and his crew try to block a penalty from Cristiano Ronaldo. Each goal scored adds an extra goalkeeper…",N/A,2026-06-17 13:13:19.082363+00:00
THfRxNX5xaw,The One Thing Cristiano Ronaldo's Kids Want From MrBeast!,,2024-12-19T14:00:27Z,youtube#video,20,short,5499409,353922,5296,https://i.ytimg.com/vi/THfRxNX5xaw/default.jpg,https://i.ytimg.com/vi/THfRxNX5xaw/mqdefault.jpg,https://i.ytimg.com/vi/THfRxNX5xaw/hqdefault.jpg,PT20S,2d,['https://en.wikipedia.org/wiki/Entertainment'],es,N/A,N/A,N/A,2026-06-17 13:13:19.082370+00:00
1ddy3O1Ma4U,The Ultimate Christmas Surprise for Cristiano’s Kids,Christmas is coming and nothing better for Cristiano Ronaldo’s kids to celebrate than meeting their favorite YouTuber.,2024-12-16T14:00:06Z,youtube#video,179,long,6645436,321936,10347,https://i.ytimg.com/vi/1ddy3O1Ma4U/default.jpg,https://i.ytimg.com/vi/1ddy3O1Ma4U/mqdefault.jpg,https://i.ytimg.com/vi/1ddy3O1Ma4U/hqdefault.jpg,PT2M59S,2d,['https://en.wikipedia.org/wiki/Sport'],en,The Ultimate Christmas Surprise for Cristiano’s Kids,Christmas is coming and nothing better for Cristiano Ronaldo’s kids to celebrate than meeting their favorite YouTuber.,N/A,2026-06-17 13:13:19.082376+00:00
ff-QlTXSVz8,12 Iconic Moments That Will Make You Admire Cristiano Forever,From ‘Qué mirás bobo’ to beating Mr. Beast with his son Cris Jr: UR Cristiano launched in 2024 and we've already had some amazing moments together!,2024-12-13T14:00:06Z,youtube#video,603,long,2865186,217312,10646,https://i.ytimg.com/vi/ff-QlTXSVz8/default.jpg,https://i.ytimg.com/vi/ff-QlTXSVz8/mqdefault.jpg,https://i.ytimg.com/vi/ff-QlTXSVz8/hqdefault.jpg,PT10M3S,2d,"['https://en.wikipedia.org/wiki/Association_football', 'https://en.wikipedia.org/wiki/Sport']",en,12 Iconic Moments That Will Make You Admire Cristiano Forever,From ‘Qué mirás bobo’ to beating Mr. Beast with his son Cris Jr: UR Cristiano launched in 2024 and we've already had some amazing moments together!,N/A,2026-06-17 13:13:19.082383+00:00
WhEH6nCYFy0,This Is How I Recover After Every Game!,"Cristiano Ronaldo shows us his LedBoots, the recovery boots with innovative LED technology developed for him and all athletes. Visit https://avathletes.com and find out more.",2024-12-11T14:34:18Z,youtube#video,102,long,3671878,236058,11101,https://i.ytimg.com/vi/WhEH6nCYFy0/default.jpg,https://i.ytimg.com/vi/WhEH6nCYFy0/mqdefault.jpg,https://i.ytimg.com/vi/WhEH6nCYFy0/hqdefault.jpg,PT1M42S,2d,"['https://en.wikipedia.org/wiki/Lifestyle_(sociology)', 'https://en.wikipedia.org/wiki/Physical_fitness']",en,This Is How I Recover After Every Game!,"Cristiano Ronaldo shows us his LedBoots, the recovery boots with innovative LED technology developed for him and all athletes. Visit https://avathletes.com and find out more.",N/A,2026-06-17 13:13:19.082390+00:00
RvdxPiHOM1M,Cristiano's Mind Blowing Answer!!!,,2024-12-10T16:49:01Z,youtube#video,27,short,4091168,286066,5235,https://i.ytimg.com/vi/RvdxPiHOM1M/default.jpg,https://i.ytimg.com/vi/RvdxPiHOM1M/mqdefault.jpg,https://i.ytimg.com/vi/RvdxPiHOM1M/hqdefault.jpg,PT27S,2d,['https://en.wikipedia.org/wiki/Entertainment'],es,N/A,N/A,N/A,2026-06-17 13:13:19.082395+00:00
K-oLr-43ejs,"Jordan, Brady, Cristiano… Who Said This?","Cristiano Jr helps his father trying to beat MrBeast in the game you didn't know you need!

Dubbing available in English, Spanish and Arabic.",2024-12-09T14:00:17Z,youtube#video,589,long,14633003,749201,27792,https://i.ytimg.com/vi/K-oLr-43ejs/default.jpg,https://i.ytimg.com/vi/K-oLr-43ejs/mqdefault.jpg,https://i.ytimg.com/vi/K-oLr-43ejs/hqdefault.jpg,PT9M49S,2d,"['https://en.wikipedia.org/wiki/Association_football', 'https://en.wikipedia.org/wiki/Entertainment']",en,"Jordan, Brady, Cristiano… Who Said This?","Cristiano Jr helps his father trying to beat MrBeast in the game you didn't know you need!

Dubbing available in English, Spanish and Arabic.",N/A,2026-06-17 13:13:19.082402+00:00
AHSvnq4acvw,Craziest Cristiano Ronaldo’s shot!,,2024-12-05T14:10:35Z,youtube#video,21,short,5783076,473777,9099,https://i.ytimg.com/vi/AHSvnq4acvw/default.jpg,https://i.ytimg.com/vi/AHSvnq4acvw/mqdefault.jpg,https://i.ytimg.com/vi/AHSvnq4acvw/hqdefault.jpg,PT21S,2d,"['https://en.wikipedia.org/wiki/Association_football', 'https://en.wikipedia.org/wiki/Sport']",en,Craziest Cristiano Ronaldo’s shot!,,N/A,2026-06-17 13:13:19.082409+00:00
WKd8KMaJ0r0,I teach Mr Beast how to Siuuu!,,2024-11-30T17:01:34Z,youtube#video,19,short,6894552,611900,9129,https://i.ytimg.com/vi/WKd8KMaJ0r0/default.jpg,https://i.ytimg.com/vi/WKd8KMaJ0r0/mqdefault.jpg,https://i.ytimg.com/vi/WKd8KMaJ0r0/hqdefault.jpg,PT19S,2d,"['https://en.wikipedia.org/wiki/Association_football', 'https://en.wikipedia.org/wiki/Sport']",es,N/A,N/A,N/A,2026-06-17 13:13:19.082415+00:00
_ZsZ4-HyjCg,I face off with MrBeast,"Cristiano and Jimmy engage in a high-stakes challenge… and they put all their subscribers on the line.
Check out MrBeast’s awesome collab https://youtu.be/0BjlBnfHcHM

Available in English, Spanish and Portuguese.",2024-11-30T17:00:06Z,youtube#video,746,long,35866122,2368776,68005,https://i.ytimg.com/vi/_ZsZ4-HyjCg/default.jpg,https://i.ytimg.com/vi/_ZsZ4-HyjCg/mqdefault.jpg,https://i.ytimg.com/vi/_ZsZ4-HyjCg/hqdefault.jpg,PT12M26S,2d,"['https://en.wikipedia.org/wiki/Association_football', 'https://en.wikipedia.org/wiki/Lifestyle_(sociology)']",en,I face off with MrBeast,"Cristiano and Jimmy engage in a high-stakes challenge… and they put all their subscribers on the line.
Check out MrBeast’s awesome collab https://youtu.be/0BjlBnfHcHM

Available in English, Spanish and Portuguese.",N/A,2026-06-17 13:13:19.082421+00:00
w-58fI22LU8,Cristiano faces off with MrBeast,,2024-11-29T17:01:03Z,youtube#video,20,short,5593894,570905,8840,https://i.ytimg.com/vi/w-58fI22LU8/default.jpg,https://i.ytimg.com/vi/w-58fI22LU8/mqdefault.jpg,https://i.ytimg.com/vi/w-58fI22LU8/hqdefault.jpg,PT20S,2d,"['https://en.wikipedia.org/wiki/Association_football', 'https://en.wikipedia.org/wiki/Sport']",es,N/A,N/A,N/A,2026-06-17 13:13:19.082428+00:00
5l8YJCzzryc,MrBeast and Cristiano breaking the internet,,2024-11-23T14:00:05Z,youtube#video,15,short,4172304,476400,10126,https://i.ytimg.com/vi/5l8YJCzzryc/default.jpg,https://i.ytimg.com/vi/5l8YJCzzryc/mqdefault.jpg,https://i.ytimg.com/vi/5l8YJCzzryc/hqdefault.jpg,PT15S,2d,['https://en.wikipedia.org/wiki/Entertainment'],es,N/A,N/A,N/A,2026-06-17 13:13:19.082434+00:00
aDF_ESN80r8,I Meet MrBeast To Break The Internet!!,Cristiano Ronaldo meets the biggest Youtuber and Jimmy answers the question everyone is asking: “Am I Gonna Beat You?”. Big challenges to come on the 30th!!!,2024-11-21T14:00:07Z,youtube#video,840,long,66453808,5118935,185532,https://i.ytimg.com/vi/aDF_ESN80r8/default.jpg,https://i.ytimg.com/vi/aDF_ESN80r8/mqdefault.jpg,https://i.ytimg.com/vi/aDF_ESN80r8/hqdefault.jpg,PT14M,2d,"['https://en.wikipedia.org/wiki/Association_football', 'https://en.wikipedia.org/wiki/Sport']",en,I Meet MrBeast To Break The Internet!!,Cristiano Ronaldo meets the biggest Youtuber and Jimmy answers the question everyone is asking: “Am I Gonna Beat You?”. Big challenges to come on the 30th!!!,N/A,2026-06-17 13:13:19.082441+00:00
IgS9lBdpvT0,Georgina Tricks Me Into Revealing My New Guest,Will Cristiano announce the name of the next video collab?,2024-11-19T14:00:16Z,youtube#video,103,long,4430979,285319,12282,https://i.ytimg.com/vi/IgS9lBdpvT0/default.jpg,https://i.ytimg.com/vi/IgS9lBdpvT0/mqdefault.jpg,https://i.ytimg.com/vi/IgS9lBdpvT0/hqdefault.jpg,PT1M43S,2d,['https://en.wikipedia.org/wiki/Lifestyle_(sociology)'],en,Georgina Tricks Me Into Revealing My New Guest,Will Cristiano announce the name of the next video collab?,N/A,2026-06-17 13:13:19.082448+00:00
KWlnfCZeN74,And My New Guest Is…,Rio Ferdinand asks Cristiano about his next video collab,2024-11-17T14:00:15Z,youtube#video,123,long,3889080,307916,15337,https://i.ytimg.com/vi/KWlnfCZeN74/default.jpg,https://i.ytimg.com/vi/KWlnfCZeN74/mqdefault.jpg,https://i.ytimg.com/vi/KWlnfCZeN74/hqdefault.jpg,PT2M3S,2d,['https://en.wikipedia.org/wiki/Entertainment'],en,And My New Guest Is…,Rio Ferdinand asks Cristiano about his next video collab,N/A,2026-06-17 13:13:19.082454+00:00
kKRIdktinVg,“A Surprise Is Coming”. A message to my fans,,2024-11-16T14:00:46Z,youtube#video,23,short,3514600,460944,15486,https://i.ytimg.com/vi/kKRIdktinVg/default.jpg,https://i.ytimg.com/vi/kKRIdktinVg/mqdefault.jpg,https://i.ytimg.com/vi/kKRIdktinVg/hqdefault.jpg,PT23S,2d,['https://en.wikipedia.org/wiki/Entertainment'],es,N/A,N/A,N/A,2026-06-17 13:13:19.082460+00:00
GuKBqwp1XMc,Cristiano’s Teammates Reveal All His Secrets!! (FUNNY),"Bernardo Silva and Bruno Fernandes tell all the hidden stories about Cristiano Ronaldo. And your idol sends a message to all the siuuubscribers.

All of these exciting moments happened during the Quinas de Ouro Awards, in Lisbon.",2024-11-13T18:00:10Z,youtube#video,564,long,3399027,275217,10997,https://i.ytimg.com/vi/GuKBqwp1XMc/default.jpg,https://i.ytimg.com/vi/GuKBqwp1XMc/mqdefault.jpg,https://i.ytimg.com/vi/GuKBqwp1XMc/hqdefault.jpg,PT9M24S,2d,"['https://en.wikipedia.org/wiki/Association_football', 'https://en.wikipedia.org/wiki/Sport']",en,Cristiano’s Teammates Reveal All His Secrets!! (FUNNY),"Bernardo Silva and Bruno Fernandes tell all the hidden stories about Cristiano Ronaldo. And your idol sends a message to all the siuuubscribers.

All of these exciting moments happened during the Quinas de Ouro Awards, in Lisbon.",N/A,2026-06-17 13:13:19.082467+00:00
PjmSUJBBvgQ,Cristiano Becomes A Cameraman For A Day (Trying His New Gadget),,2024-11-13T14:43:47Z,youtube#video,48,short,4451343,503588,9196,https://i.ytimg.com/vi/PjmSUJBBvgQ/default.jpg,https://i.ytimg.com/vi/PjmSUJBBvgQ/mqdefault.jpg,https://i.ytimg.com/vi/PjmSUJBBvgQ/hqdefault.jpg,PT48S,2d,['https://en.wikipedia.org/wiki/Sport'],es,N/A,N/A,N/A,2026-06-17 13:13:19.082474+00:00
hWtp3ZlvHZc,The AMAZING story of how Cristiano Ronaldo became a footballer,,2024-11-07T14:48:19Z,youtube#video,226,long,2229300,207038,11815,https://i.ytimg.com/vi/hWtp3ZlvHZc/default.jpg,https://i.ytimg.com/vi/hWtp3ZlvHZc/mqdefault.jpg,https://i.ytimg.com/vi/hWtp3ZlvHZc/hqdefault.jpg,PT3M46S,2d,"['https://en.wikipedia.org/wiki/Association_football', 'https://en.wikipedia.org/wiki/Sport']",es,N/A,N/A,N/A,2026-06-17 13:13:19.082480+00:00
7rMXmIGJZAQ,Watch me transform as I lift the Euro Cup with Portugal!,,2024-11-04T15:25:28Z,youtube#video,17,short,4443339,418453,8401,https://i.ytimg.com/vi/7rMXmIGJZAQ/default.jpg,https://i.ytimg.com/vi/7rMXmIGJZAQ/mqdefault.jpg,https://i.ytimg.com/vi/7rMXmIGJZAQ/hqdefault.jpg,PT17S,2d,"['https://en.wikipedia.org/wiki/Association_football', 'https://en.wikipedia.org/wiki/Sport']",es,N/A,N/A,N/A,2026-06-17 13:13:19.082487+00:00
HQ8SlJXcTto,I become an ANIME superhero!,,2024-10-30T14:00:15Z,youtube#video,9,short,4844275,400338,10965,https://i.ytimg.com/vi/HQ8SlJXcTto/default.jpg,https://i.ytimg.com/vi/HQ8SlJXcTto/mqdefault.jpg,https://i.ytimg.com/vi/HQ8SlJXcTto/hqdefault.jpg,PT9S,2d,['https://en.wikipedia.org/wiki/Video_game_culture'],es,N/A,N/A,N/A,2026-06-17 13:13:19.082494+00:00
806U1EE9edg,This is why there is nobody like Cristiano Ronaldo in the air!,,2024-10-28T17:34:24Z,youtube#video,727,long,3889012,297788,27100,https://i.ytimg.com/vi/806U1EE9edg/default.jpg,https://i.ytimg.com/vi/806U1EE9edg/mqdefault.jpg,https://i.ytimg.com/vi/806U1EE9edg/hqdefault.jpg,PT12M7S,2d,"['https://en.wikipedia.org/wiki/Association_football', 'https://en.wikipedia.org/wiki/Sport']",es,N/A,N/A,N/A,2026-06-17 13:13:19.082500+00:00
Bp8EjnJU87w,The ULTIMATE Cristiano Ronaldo Quiz... How well do you know me?,,2024-10-21T13:16:08Z,youtube#video,635,long,3150912,257719,18396,https://i.ytimg.com/vi/Bp8EjnJU87w/default.jpg,https://i.ytimg.com/vi/Bp8EjnJU87w/mqdefault.jpg,https://i.ytimg.com/vi/Bp8EjnJU87w/hqdefault.jpg,PT10M35S,2d,"['https://en.wikipedia.org/wiki/Association_football', 'https://en.wikipedia.org/wiki/Sport']",es,N/A,N/A,N/A,2026-06-17 13:13:19.082507+00:00
6IBDljy4fos,THIS is why Cristiano Ronaldo is called Mr. Champions!,How Cristiano Ronaldo Shattered Champions League History In 2014! 🔥,2024-10-17T13:00:05Z,youtube#video,486,long,1930468,219536,10879,https://i.ytimg.com/vi/6IBDljy4fos/default.jpg,https://i.ytimg.com/vi/6IBDljy4fos/mqdefault.jpg,https://i.ytimg.com/vi/6IBDljy4fos/hqdefault.jpg,PT8M6S,2d,"['https://en.wikipedia.org/wiki/Association_football', 'https://en.wikipedia.org/wiki/Sport']",es,N/A,N/A,N/A,2026-06-17 13:13:19.082513+00:00
vtO5WHKUmBU,Enjoying with the National Team 🇵🇹,,2024-10-15T08:11:40Z,youtube#video,35,short,5940929,501232,11937,https://i.ytimg.com/vi/vtO5WHKUmBU/default.jpg,https://i.ytimg.com/vi/vtO5WHKUmBU/mqdefault.jpg,https://i.ytimg.com/vi/vtO5WHKUmBU/hqdefault.jpg,PT35S,2d,['https://en.wikipedia.org/wiki/Lifestyle_(sociology)'],es,N/A,N/A,N/A,2026-06-17 13:13:19.082518+00:00
A2WSZ3hfUzE,Extreme Try Not To Laugh Challenge!,,2024-10-14T13:00:19Z,youtube#video,135,long,2872301,245746,11951,https://i.ytimg.com/vi/A2WSZ3hfUzE/default.jpg,https://i.ytimg.com/vi/A2WSZ3hfUzE/mqdefault.jpg,https://i.ytimg.com/vi/A2WSZ3hfUzE/hqdefault.jpg,PT2M15S,2d,"['https://en.wikipedia.org/wiki/Entertainment', 'https://en.wikipedia.org/wiki/Film']",es,N/A,N/A,N/A,2026-06-17 13:13:19.082525+00:00
C1KCzk0FCCs,Cristiano Ronaldo's Incredible Goals at Every Age—What He Did at 22 and 35 Will Shock You!,,2024-10-10T14:05:28Z,youtube#video,490,long,2444710,269456,13963,https://i.ytimg.com/vi/C1KCzk0FCCs/default.jpg,https://i.ytimg.com/vi/C1KCzk0FCCs/mqdefault.jpg,https://i.ytimg.com/vi/C1KCzk0FCCs/hqdefault.jpg,PT8M10S,2d,"['https://en.wikipedia.org/wiki/Association_football', 'https://en.wikipedia.org/wiki/Sport']",en,Cristiano Ronaldo's Incredible Goals at Every Age—What He Did at 22 and 35 Will Shock You!,,N/A,2026-06-17 13:13:19.082532+00:00
CuIBAT_sgrg,The Most AMAZING Race of my life,,2024-10-08T08:38:12Z,youtube#video,36,short,3734088,354880,5800,https://i.ytimg.com/vi/CuIBAT_sgrg/default.jpg,https://i.ytimg.com/vi/CuIBAT_sgrg/mqdefault.jpg,https://i.ytimg.com/vi/CuIBAT_sgrg/hqdefault.jpg,PT36S,2d,['https://en.wikipedia.org/wiki/Sport'],es,N/A,N/A,N/A,2026-06-17 13:13:19.082538+00:00
wL5wdyA5guU,I Tried Food From Every Country I’ve Played,Cristiano Ronaldo has a favorite dish from all the countries he has been playing during his career... plus some tips about the best beaches in the world.,2024-10-07T13:01:10Z,youtube#video,63,long,13307450,686458,21182,https://i.ytimg.com/vi/wL5wdyA5guU/default.jpg,https://i.ytimg.com/vi/wL5wdyA5guU/mqdefault.jpg,https://i.ytimg.com/vi/wL5wdyA5guU/hqdefault.jpg,PT1M3S,2d,"['https://en.wikipedia.org/wiki/Food', 'https://en.wikipedia.org/wiki/Lifestyle_(sociology)']",en,I Tried Food From Every Country I’ve Played,Cristiano Ronaldo has a favorite dish from all the countries he has been playing during his career... plus some tips about the best beaches in the world.,N/A,2026-06-17 13:13:19.082545+00:00
jCaRbVmh0Ms,⁠The craziest race of Cristiano Ronaldo on his CR7 racing car,"Cristiano Ronaldo hops on an F1 car and does the coolest race you have ever seen. 

All data collected before Oct. 2024.",2024-10-03T13:00:36Z,youtube#video,512,long,6708337,510458,30573,https://i.ytimg.com/vi/jCaRbVmh0Ms/default.jpg,https://i.ytimg.com/vi/jCaRbVmh0Ms/mqdefault.jpg,https://i.ytimg.com/vi/jCaRbVmh0Ms/hqdefault.jpg,PT8M32S,2d,"['https://en.wikipedia.org/wiki/Racing_video_game', 'https://en.wikipedia.org/wiki/Sports_game', 'https://en.wikipedia.org/wiki/Video_game_culture']",en,⁠The craziest race of Cristiano Ronaldo on his CR7 racing car,"Cristiano Ronaldo hops on an F1 car and does the coolest race you have ever seen. 

All data collected before Oct. 2024.",N/A,2026-06-17 13:13:19.082551+00:00
pTP44MPKX4Y,The CORRECT way to look like Cristiano Ronaldo,"Cristiano shows all his style secrets: clothes, cars, watches…",2024-09-30T13:00:53Z,youtube#video,77,long,2981536,289230,10431,https://i.ytimg.com/vi/pTP44MPKX4Y/default.jpg,https://i.ytimg.com/vi/pTP44MPKX4Y/mqdefault.jpg,https://i.ytimg.com/vi/pTP44MPKX4Y/hqdefault.jpg,PT1M17S,2d,['https://en.wikipedia.org/wiki/Lifestyle_(sociology)'],en,The CORRECT way to look like Cristiano Ronaldo,"Cristiano shows all his style secrets: clothes, cars, watches…",N/A,2026-06-17 13:13:19.082558+00:00
VzJAPX-gbmk,"Face your fears today, so you can face challenges tomorrow!",#urcristiano #football #cr7 #cristianoronaldo,2024-09-28T16:41:58Z,youtube#video,34,short,3589379,395230,10636,https://i.ytimg.com/vi/VzJAPX-gbmk/default.jpg,https://i.ytimg.com/vi/VzJAPX-gbmk/mqdefault.jpg,https://i.ytimg.com/vi/VzJAPX-gbmk/hqdefault.jpg,PT34S,2d,['https://en.wikipedia.org/wiki/Sport'],es,N/A,N/A,N/A,2026-06-17 13:13:19.082564+00:00
hhSpoF0dtv0,I’m not like anybody else…,#urcristiano #cr7 #cristianoronaldo,2024-09-27T22:00:28Z,youtube#video,27,short,1785675,306869,5976,https://i.ytimg.com/vi/hhSpoF0dtv0/default.jpg,https://i.ytimg.com/vi/hhSpoF0dtv0/mqdefault.jpg,https://i.ytimg.com/vi/hhSpoF0dtv0/hqdefault.jpg,PT27S,2d,"['https://en.wikipedia.org/wiki/Association_football', 'https://en.wikipedia.org/wiki/Sport']",es,N/A,N/A,N/A,2026-06-17 13:13:19.082570+00:00
QfEUWUVH4ZU,How I educate my elder son?,#urcristiano #cr7 #cristianoronaldo,2024-09-26T18:45:49Z,youtube#video,23,short,1713939,307018,5329,https://i.ytimg.com/vi/QfEUWUVH4ZU/default.jpg,https://i.ytimg.com/vi/QfEUWUVH4ZU/mqdefault.jpg,https://i.ytimg.com/vi/QfEUWUVH4ZU/hqdefault.jpg,PT23S,2d,"['https://en.wikipedia.org/wiki/Association_football', 'https://en.wikipedia.org/wiki/Sport']",es,N/A,N/A,N/A,2026-06-17 13:13:19.082575+00:00
YkbAGmRbIBo,All my HAT-TRICKS in the UEFA Champions League... with special CR7 stickers!,All Cristiano Ronaldo HAT-TRICKS rated by UR Siuuumeter. Tell us your ratings.,2024-09-25T13:00:39Z,youtube#video,674,long,3920659,368677,17810,https://i.ytimg.com/vi/YkbAGmRbIBo/default.jpg,https://i.ytimg.com/vi/YkbAGmRbIBo/mqdefault.jpg,https://i.ytimg.com/vi/YkbAGmRbIBo/hqdefault.jpg,PT11M14S,2d,"['https://en.wikipedia.org/wiki/Association_football', 'https://en.wikipedia.org/wiki/Sport']",en,All my HAT-TRICKS in the UEFA Champions League... with special CR7 stickers!,All Cristiano Ronaldo HAT-TRICKS rated by UR Siuuumeter. Tell us your ratings.,N/A,2026-06-17 13:13:19.082582+00:00
Sbb9jvB5YeE,The UNTOLD story of Cristiano Ronaldo's BIGGEST award,,2024-09-25T09:32:40Z,youtube#video,45,short,2955667,371490,7451,https://i.ytimg.com/vi/Sbb9jvB5YeE/default.jpg,https://i.ytimg.com/vi/Sbb9jvB5YeE/mqdefault.jpg,https://i.ytimg.com/vi/Sbb9jvB5YeE/hqdefault.jpg,PT45S,2d,"['https://en.wikipedia.org/wiki/Association_football', 'https://en.wikipedia.org/wiki/Lifestyle_(sociology)']",es,N/A,N/A,N/A,2026-06-17 13:13:19.082587+00:00
TpLKhDURaho,A day in the life of Cristiano Ronaldo ( EXCLUSIVE Champions League Award Edition),"The most sincere tale ever of Cristiano Ronaldo’s rise to stardom, revealed by CR7 himself",2024-09-24T17:30:07Z,youtube#video,917,long,5024748,421177,15897,https://i.ytimg.com/vi/TpLKhDURaho/default.jpg,https://i.ytimg.com/vi/TpLKhDURaho/mqdefault.jpg,https://i.ytimg.com/vi/TpLKhDURaho/hqdefault.jpg,PT15M17S,2d,"['https://en.wikipedia.org/wiki/Association_football', 'https://en.wikipedia.org/wiki/Sport']",en,A day in the life of Cristiano Ronaldo ( EXCLUSIVE Champions League Award Edition),"The most sincere tale ever of Cristiano Ronaldo’s rise to stardom, revealed by CR7 himself",N/A,2026-06-17 13:13:19.082593+00:00
gh5_PVVrpaw,"Vinicius, Camavinga, Rodrigo, Bellingham, Lamine...",Cristiano Ronaldo talks about the next generation,2024-09-24T07:36:32Z,youtube#video,16,short,1728998,301761,5172,https://i.ytimg.com/vi/gh5_PVVrpaw/default.jpg,https://i.ytimg.com/vi/gh5_PVVrpaw/mqdefault.jpg,https://i.ytimg.com/vi/gh5_PVVrpaw/hqdefault.jpg,PT16S,2d,"['https://en.wikipedia.org/wiki/Association_football', 'https://en.wikipedia.org/wiki/Sport']",es,N/A,N/A,N/A,2026-06-17 13:13:19.082599+00:00
-nwzc7plJQw,Cristiano Ronaldo REACTS to ALL his 14 GOALS in Euros!,"All Cristiano Ronaldo’s 14 UEFA European Championship goals scored with Portugal. He watches, relives the moment, and rates them with his siuuumeter!",2024-09-23T13:00:00Z,youtube#video,546,long,6198164,449309,20573,https://i.ytimg.com/vi/-nwzc7plJQw/default.jpg,https://i.ytimg.com/vi/-nwzc7plJQw/mqdefault.jpg,https://i.ytimg.com/vi/-nwzc7plJQw/hqdefault.jpg,PT9M6S,2d,"['https://en.wikipedia.org/wiki/Association_football', 'https://en.wikipedia.org/wiki/Sport']",en,Cristiano Ronaldo REACTS to ALL his 14 GOALS in Euros!,"All Cristiano Ronaldo’s 14 UEFA European Championship goals scored with Portugal. He watches, relives the moment, and rates them with his siuuumeter!",N/A,2026-06-17 13:13:19.082605+00:00
5a1P5Tauiqo,Something is coming,Something exciting in the making! #SNK #FatalFury #CR7,2024-09-21T19:26:02Z,youtube#video,35,short,2897877,417881,8578,https://i.ytimg.com/vi/5a1P5Tauiqo/default.jpg,https://i.ytimg.com/vi/5a1P5Tauiqo/mqdefault.jpg,https://i.ytimg.com/vi/5a1P5Tauiqo/hqdefault.jpg,PT35S,2d,['https://en.wikipedia.org/wiki/Video_game_culture'],en,Something is coming,Something exciting in the making! #SNK #FatalFury #CR7,N/A,2026-06-17 13:13:19.082611+00:00
bkYwKATRAl4,This is why Real Madrid is so special,,2024-09-21T05:58:44Z,youtube#video,60,long,1717536,311971,6255,https://i.ytimg.com/vi/bkYwKATRAl4/default.jpg,https://i.ytimg.com/vi/bkYwKATRAl4/mqdefault.jpg,https://i.ytimg.com/vi/bkYwKATRAl4/hqdefault.jpg,PT1M,2d,"['https://en.wikipedia.org/wiki/Association_football', 'https://en.wikipedia.org/wiki/Sport']",es,N/A,N/A,N/A,2026-06-17 13:13:19.082616+00:00
t40HXEc6c84,"Real Madrid, Manchester United, Euro 24… I tell everything to Rio Ferdinand","Full interview between Cristiano and Rio. The most sincere Cristiano talks about his past, present and future to one of his best friends in football",2024-09-21T05:49:49Z,youtube#video,2618,long,3009774,214625,11841,https://i.ytimg.com/vi/t40HXEc6c84/default.jpg,https://i.ytimg.com/vi/t40HXEc6c84/mqdefault.jpg,https://i.ytimg.com/vi/t40HXEc6c84/hqdefault.jpg,PT43M38S,2d,"['https://en.wikipedia.org/wiki/Association_football', 'https://en.wikipedia.org/wiki/Sport']",en,"Real Madrid, Manchester United, Euro 24… I tell everything to Rio Ferdinand","Full interview between Cristiano and Rio. The most sincere Cristiano talks about his past, present and future to one of his best friends in football",N/A,2026-06-17 13:13:19.082622+00:00
