,id,title,description,publishTime,kind_stats,duration_seconds,video_type,viewCount,likeCount,commentCount,thumbnails.default.url,thumbnails.medium.url,thumbnails.high.url,contentDetails.duration,contentDetails.dimension,topicDetails.topicCategories,snippet.defaultLanguage,localizations.en.title,localizations.en.description,snippet.tags,pull_date
0,3fgPdY6ZxB0,NEXT STOP: MIAMI 🇵🇹,"From Portugal to Miami 🇺🇸, one team, one dream.

Portugal's World Cup journey takes its next step with the team flying to Miami
Let's go, Portugal 

#Portugal #WorldCup #CristianoRonaldo #fifaworldcuponyt",2026-06-16T13:54:41Z,youtube#video,264,long,1328389,101619,5058,https://i.ytimg.com/vi/3fgPdY6ZxB0/default.jpg,https://i.ytimg.com/vi/3fgPdY6ZxB0/mqdefault.jpg,https://i.ytimg.com/vi/3fgPdY6ZxB0/hqdefault.jpg,PT4M24S,2d,"['https://en.wikipedia.org/wiki/Association_football', 'https://en.wikipedia.org/wiki/Sport']",en,NEXT STOP: MIAMI 🇵🇹,"From Portugal to Miami 🇺🇸, one team, one dream.

Portugal's World Cup journey takes its next step with the team flying to Miami
Let's go, Portugal 

#Portugal #WorldCup #CristianoRonaldo #fifaworldcuponyt","['#FIFAWorldCuponYT', '#CristianoRonaldo', '#Portugal']",2026-06-17 13:13:18.890519+00:00
1,TeAmnI1WuAk,🇵🇹 | United as one,"⚽ The journey started in Portugal.

A tour behind the scenes with Cristiano and his teammates  🇺🇸🇲🇽🇨🇦

No interviews. No scripts. Just the sounds, moments and emotions that define a group.",2026-06-14T13:28:42Z,youtube#video,39,short,778416,76316,4813,https://i.ytimg.com/vi/TeAmnI1WuAk/default.jpg,https://i.ytimg.com/vi/TeAmnI1WuAk/mqdefault.jpg,https://i.ytimg.com/vi/TeAmnI1WuAk/hqdefault.jpg,PT39S,2d,"['https://en.wikipedia.org/wiki/Association_football', 'https://en.wikipedia.org/wiki/Sport']",en,🇵🇹 | United as one,"⚽ The journey started in Portugal.

A tour behind the scenes with Cristiano and his teammates  🇺🇸🇲🇽🇨🇦

No interviews. No scripts. Just the sounds, moments and emotions that define a group.",['#FIFAWorldCupOnYT'],2026-06-17 13:13:18.890553+00:00
2,EvjZ7ckgYTg,Cristiano Ronaldo x Céline Dept: THE FULL MEETING,"Céline finally met Cristiano Ronaldo at Portugal's training camp. 🇵🇹
Watch the entire sequence and enjoy every moment.

#FIFAWorldCupOnYT",2026-06-13T16:21:33Z,youtube#video,121,long,4049264,213443,9326,https://i.ytimg.com/vi/EvjZ7ckgYTg/default.jpg,https://i.ytimg.com/vi/EvjZ7ckgYTg/mqdefault.jpg,https://i.ytimg.com/vi/EvjZ7ckgYTg/hqdefault.jpg,PT2M1S,2d,"['https://en.wikipedia.org/wiki/Association_football', 'https://en.wikipedia.org/wiki/Sport']",en,Cristiano Ronaldo x Céline Dept: THE FULL MEETING,"Céline finally met Cristiano Ronaldo at Portugal's training camp. 🇵🇹
Watch the entire sequence and enjoy every moment.

#FIFAWorldCupOnYT",,2026-06-17 13:13:18.890562+00:00
3,qraNaY45PlI,ROAD TO USA 🇵🇹 | United as one,"⚽ The journey starts here.

This first stage takes you behind the scenes with Cristiano and his teammates as preparations begin for the World Cup 🇺🇸🇲🇽🇨🇦

No interviews. No scripts. Just the sounds, moments and emotions that define a group.

One team. One journey. 💪🏻 United as one.
#FIFAWorldCupOnYT",2026-06-12T14:01:03Z,youtube#video,981,long,1722165,124319,6334,https://i.ytimg.com/vi/qraNaY45PlI/default.jpg,https://i.ytimg.com/vi/qraNaY45PlI/mqdefault.jpg,https://i.ytimg.com/vi/qraNaY45PlI/hqdefault.jpg,PT16M21S,2d,"['https://en.wikipedia.org/wiki/Association_football', 'https://en.wikipedia.org/wiki/Sport']",en,ROAD TO USA 🇵🇹 | United as one,"⚽ The journey starts here.

This first stage takes you behind the scenes with Cristiano and his teammates as preparations begin for the World Cup 🇺🇸🇲🇽🇨🇦

No interviews. No scripts. Just the sounds, moments and emotions that define a group.

One team. One journey. 💪🏻 United as one.
#FIFAWorldCupOnYT",,2026-06-17 13:13:18.890571+00:00
4,rz6fRlvO77U,COMEÇA HOJE!💥 O MUNDIAL É NO YOUTUBE,"⚽️ UM JOGO POR DIA, TODOS OS DIAS, NO YOUTUBE DA LIVEMODETV, SÓ EM PORTUGAL. 

NÃO PERCAS NADA E PREPARA-TE PARA APOIAR PORTUGAL 🇵🇹 É A NOSSA VEZ!

#MadeInLMTV #Ronaldo #Mundial2026 #siuuuuu",2026-06-10T23:01:57Z,youtube#video,30,short,746423,45226,2717,https://i.ytimg.com/vi/rz6fRlvO77U/default.jpg,https://i.ytimg.com/vi/rz6fRlvO77U/mqdefault.jpg,https://i.ytimg.com/vi/rz6fRlvO77U/hqdefault.jpg,PT30S,2d,['https://en.wikipedia.org/wiki/Video_game_culture'],pt-PT,,,,2026-06-17 13:13:18.890578+00:00
